filename,pre_onset_1_average,pre_onset_top_speed,post_onset_1_average,post_onset_top_speed,top_speed_difference,difference,ZT,creation_time,abs_difference,genotype,sleep_condition
24B11_g4_x_RDL_female_mating_rested_5.csv,4.79809523809524,21.81,6.84373493975904,33.92,12.11,2.0456397016638,413,22.05.2024 15:53:04,2.0456397016638,24B11_RDL,rested
24b11_g4_x_rdl_female_mating_RESTED_21.csv,9.62226190476191,41.82,9.70369047619048,20.85,-20.97,0.081428571428571,346,27.05.2024 14:46:26,0.081428571428571,24B11_RDL,rested
24B11_g4_x_RDL_female_mating_rested_2.csv,2.5972619047619,21.28,0.624457831325301,7.76,-13.52,-1.9728040734366,393,22.05.2024 15:33:20,1.9728040734366,24B11_RDL,rested
24B11_g4_x_RDL_female_mating_rested_12.csv,0,0,0.00423529411764706,0.36,0.36,0.00423529411764706,477,22.05.2024 16:57:53,0.00423529411764706,24B11_RDL,rested
24B11_g4_x_RDL_female_mating_rested_11.csv,0,0,0,0,0,0,474,22.05.2024 16:54:21,0,24B11_RDL,rested
24B11_g4_x_RDL_female_mating_rested_16.csv,9.04305882352941,33.66,3.15650602409639,21.04,-12.62,-5.88655279943303,245,23.05.2024 13:05:34,5.88655279943303,24B11_RDL,rested
24b11_g4_x_rdl_female_mating_RESTED_22.csv,16.5664705882353,45.41,7.47698795180723,45.38,-0.029999999999994,-9.08948263642807,359,27.05.2024 14:59:31,9.08948263642807,24B11_RDL,rested
24B11_g4_x_RDL_female_mating_rested_9.csv,4.52821428571429,19.8,7.29168674698795,19.66,-0.140000000000001,2.76347246127366,447,22.05.2024 16:27:21,2.76347246127366,24B11_RDL,rested
24B11_g4_x_RDL_female_mating_rested_6.csv,4.27607142857143,13.56,5.73120481927711,24.65,11.09,1.45513339070568,416,22.05.2024 15:56:36,1.45513339070568,24B11_RDL,rested
24B11_g4_x_RDL_female_mating_rested_13.csv,3.24107142857143,32.3,9.13678571428572,32.52,0.220000000000006,5.89571428571429,234,23.05.2024 12:54:02,5.89571428571429,24B11_RDL,rested
24B11_g4_x_RDL_female_mating_rested_18.csv,8.60741176470588,36,11.299880952381,45.06,9.06,2.69246918767507,255,23.05.2024 13:15:01,2.69246918767507,24B11_RDL,rested
24B11_g4_x_RDL_female_mating_rested_17.csv,11.7302380952381,25.55,9.24903614457831,37.53,11.98,-2.48120195065978,250,23.05.2024 13:10:01,2.48120195065978,24B11_RDL,rested
24b11_g4_x_rdl_female_mating_RESTED_20.csv,13.6421176470588,28.02,9.27654761904762,97.37,69.35,-4.36557002801121,343,27.05.2024 14:43:15,4.36557002801121,24B11_RDL,rested
24B11_g4_x_RDL_female_mating_rested_3.csv,0,0,0.513333333333333,2.77,2.77,0.513333333333333,397,22.05.2024 15:37:58,0.513333333333333,24B11_RDL,rested
24B11_g4_x_RDL_female_mating_rested_10.csv,0,0,0.000238095238095238,0.02,0.02,0.000238095238095238,459,22.05.2024 16:39:42,0.000238095238095238,24B11_RDL,rested
24B11_g4_x_RDL_female_mating_rested_8.csv,6.40168674698795,12.64,5.31905882352941,23.67,11.03,-1.08262792345854,428,22.05.2024 16:08:35,1.08262792345854,24B11_RDL,rested
24b11_g4_x_rdl_female_mating_RESTED_19.csv,3.77023809523809,20.26,5.23,22.54,2.28,1.45976190476191,337,27.05.2024 14:37:59,1.45976190476191,24B11_RDL,rested
24B11_g4_x_RDL_female_mating_rested_15.csv,8.87941176470588,53.84,8.17642857142858,18.38,-35.46,-0.702983193277307,242,23.05.2024 13:02:00,0.702983193277307,24B11_RDL,rested
24B11_g4_x_RDL_female_mating_rested_14.csv,4.76119047619048,17.15,3.66952380952381,21.02,3.87,-1.09166666666667,238,23.05.2024 12:58:00,1.09166666666667,24B11_RDL,rested
24B11_g4_x_RDL_female_mating_rested_4.csv,9.10642857142857,41.25,2.95576470588235,60.91,19.66,-6.15066386554622,403,22.05.2024 15:43:49,6.15066386554622,24B11_RDL,rested
24B11_g4_x_RDL_female_mating_rested_1.csv,0,0,0,0,0,0,389,22.05.2024 15:29:58,0,24B11_RDL,rested
24b11_g4_x_rdl_female_mating_RESTED_23.csv,12.1367857142857,49.66,8.42788235294118,47.9,-1.76,-3.70890336134454,363,27.05.2024 15:03:01,3.70890336134454,24B11_RDL,rested
24B11_g4_x_RDL_female_mating_rested_7.csv,0.698095238095238,6.48,0,0,-6.48,-0.698095238095238,423,22.05.2024 16:03:05,0.698095238095238,24B11_RDL,rested
RDL_RNAi_Female_SD_mating_19.csv,0,0,0,0,0,0,424,27.05.2024 16:04:31,0,RDL_RNAi,SD
RDL_RNAi_Female_mating_SD_4.csv,8.2444578313253,18.03,6.24611764705882,36.15,18.12,-1.99834018426648,286,23.05.2024 13:46:59,1.99834018426648,RDL_RNAi,SD
RDL_RNAi_Female_SD_mating_14.csv,2.44282352941176,13,1.01132530120482,34.8,21.8,-1.43149822820695,381,27.05.2024 15:21:24,1.43149822820695,RDL_RNAi,SD
RDL_RNAi_Female_SD_mating_18.csv,4.36376470588235,14.4,3.61397590361446,32.03,17.63,-0.749788802267897,421,27.05.2024 16:01:14,0.749788802267897,RDL_RNAi,SD
RDL_RNAi_Female_mating_SD_1.csv,4.13666666666667,22.71,3.43440476190476,93.94,71.23,-0.702261904761905,267,23.05.2024 13:27:55,0.702261904761905,RDL_RNAi,SD
RDL_RNAi_Female_mating_SD_9.csv,4.26722891566265,16.53,3.51423529411765,13.29,-3.24,-0.752993621545003,414,23.05.2024 15:54:49,0.752993621545003,RDL_RNAi,SD
RDL_RNAi_Female_SD_mating_13.csv,8.11857142857143,34.98,12.0603571428571,29.56,-5.42,3.94178571428571,376,27.05.2024 15:16:11,3.94178571428571,RDL_RNAi,SD
RDL_RNAi_Female_SD_mating_11.csv,9.12277108433735,31.4,4.10882352941176,23.78,-7.62,-5.01394755492559,368,27.05.2024 15:08:49,5.01394755492559,RDL_RNAi,SD
RDL_RNAi_Female_SD_mating_12.csv,1.91166666666667,14.49,1.58204819277108,11.4,-3.09,-0.329618473895582,372,27.05.2024 15:12:30,0.329618473895582,RDL_RNAi,SD
RDL_RNAi_Female_mating_SD_2.csv,0,0,0,0,0,0,274,23.05.2024 13:34:31,0,RDL_RNAi,SD
RDL_RNAi_Female_mating_SD_10.csv,0,0,0,0,0,0,425,23.05.2024 16:05:36,0,RDL_RNAi,SD
RDL_RNAi_Female_SD_mating_20.csv,7.30988095238095,57.72,12.4114285714286,27.67,-30.05,5.10154761904762,429,27.05.2024 16:09:14,5.10154761904762,RDL_RNAi,SD
RDL_RNAi_Female_mating_SD_6.csv,0,0,3.08176470588235,74.69,74.69,3.08176470588235,303,23.05.2024 14:03:58,3.08176470588235,RDL_RNAi,SD
RDL_RNAi_Female_SD_mating_17.csv,9.64904761904762,92.55,7.49105882352941,19.63,-72.92,-2.15798879551821,417,27.05.2024 15:57:55,2.15798879551821,RDL_RNAi,SD
RDL_RNAi_Female_SD_mating_16.csv,3.72904761904762,43.59,7.97821428571429,24.26,-19.33,4.24916666666667,414,27.05.2024 15:54:32,4.24916666666667,RDL_RNAi,SD
RDL_RNAi_Female_mating_SD_3.csv,8.68845238095238,96.68,1.41547619047619,12.23,-84.45,-7.27297619047619,278,23.05.2024 13:38:57,7.27297619047619,RDL_RNAi,SD
RDL_RNAi_Female_SD_mating_15.csv,9.50142857142857,31.39,4.19547619047619,26.11,-5.28,-5.30595238095238,386,27.05.2024 15:26:11,5.30595238095238,RDL_RNAi,SD
RDL_RNAi_Female_mating_SD_8.csv,6.66988095238095,28.2,3.94333333333333,15.17,-13.03,-2.72654761904762,410,23.05.2024 15:50:40,2.72654761904762,RDL_RNAi,SD
RDL_RNAi_Female_mating_SD_7.csv,0.374761904761905,5.22,0,0,-5.22,-0.374761904761905,406,23.05.2024 15:46:47,0.374761904761905,RDL_RNAi,SD
RDL_RNAi_Female_mating_SD_5.csv,1.88916666666667,10.66,0.907619047619047,28.08,17.42,-0.981547619047619,299,23.05.2024 13:59:36,0.981547619047619,RDL_RNAi,SD
24B11_g4_x_RDL_female_mating_SD_3.csv,0,0,0,0,0,0,369,22.05.2024 15:09:05,0,24B11_RDL,SD
24b11_g4_x_RDL_SD_10.csv,5.55035294117647,26.74,3.83214285714286,18.81,-7.93,-1.71821008403361,299,27.05.2024 13:59:30,1.71821008403361,24B11_RDL,SD
24B11_g4_x_RDL_female_mating_SD_6.csv,7.76202380952381,27.86,1.99607142857143,9.41,-18.45,-5.76595238095238,501,22.05.2024 17:21:20,5.76595238095238,24B11_RDL,SD
24b11_g4_x_RDL_SD_11.csv,0,0,0.972261904761905,16.06,16.06,0.972261904761905,303,27.05.2024 14:03:30,0.972261904761905,24B11_RDL,SD
24b11_g4_x_RDL_SD_17.csv,10.9745238095238,32.15,4.44130952380952,17.89,-14.26,-6.53321428571428,329,27.05.2024 14:29:32,6.53321428571428,24B11_RDL,SD
24b11_g4_x_RDL_SD_12.csv,0.0735714285714286,1.97,1.10619047619048,13.18,11.21,1.03261904761905,308,27.05.2024 14:08:52,1.03261904761905,24B11_RDL,SD
24B11_g4_x_RDL_female_mating_SD_4.csv,3.23987951807229,52.14,2.48282352941176,14.59,-37.55,-0.757055988660524,372,22.05.2024 15:12:23,0.757055988660524,24B11_RDL,SD
24B11_g4_x_RDL_female_mating_SD_2.csv,2.62761904761905,16.85,2.24071428571429,11.04,-5.81,-0.386904761904763,359,22.05.2024 14:59:52,0.386904761904763,24B11_RDL,SD
24b11_g4_x_RDL_SD_8.csv,8.09493975903614,35.15,11.8188235294118,39.36,4.21,3.72388377037562,291,27.05.2024 13:51:08,3.72388377037562,24B11_RDL,SD
24b11_g4_x_RDL_SD_16.csv,7.00929411764706,42.23,14.1206024096386,46.37,4.14,7.11130829199149,325,27.05.2024 14:25:28,7.11130829199149,24B11_RDL,SD
24b11_g4_x_RDL_SD_15.csv,2.6027380952381,27.71,0.0391566265060241,2.35,-25.36,-2.56358146873207,321,27.05.2024 14:21:42,2.56358146873207,24B11_RDL,SD
24b11_g4_x_RDL_SD_14.csv,9.95047619047619,21.46,7.02726190476191,53.25,31.79,-2.92321428571428,317,27.05.2024 14:17:01,2.92321428571428,24B11_RDL,SD
24B11_g4_x_RDL_female_mating_SD_1.csv,5.37666666666667,14.27,2.88369047619048,21.63,7.36,-2.49297619047619,352,22.05.2024 14:52:37,2.49297619047619,24B11_RDL,SD
24B11_g4_x_RDL_female_mating_SD_7.csv,6.92819277108434,43.15,9.42964705882353,24.03,-19.12,2.50145428773919,509,22.05.2024 17:29:01,2.50145428773919,24B11_RDL,SD
24B11_g4_x_RDL_female_mating_SD_5.csv,1.0127380952381,22.54,0,0,-22.54,-1.0127380952381,385,22.05.2024 15:25:00,1.0127380952381,24B11_RDL,SD
24b11_g4_x_RDL_SD_18.csv,11.2507142857143,35.6,5.01867469879518,22.03,-13.57,-6.23203958691911,333,27.05.2024 14:33:00,6.23203958691911,24B11_RDL,SD
24b11_g4_x_RDL_SD_9.csv,8.09416666666667,32.45,2.68630952380952,13.29,-19.16,-5.40785714285714,295,27.05.2024 13:55:57,5.40785714285714,24B11_RDL,SD
24b11_g4_x_RDL_SD_13.csv,9.34317647058824,37.73,19.1549397590361,54.04,16.31,9.81176328844791,312,27.05.2024 14:12:45,9.81176328844791,24B11_RDL,SD
24B11_RDL_final_two_sd_2.csv,0,0,0,0,0,0,337,28.05.2024 14:37:32,0,24B11_RDL,SD
24B11_RDL_final_two_sd_1.csv,8.05761904761905,22.12,2.37357142857143,22.75,0.629999999999999,-5.68404761904762,333,28.05.2024 14:33:56,5.68404761904762,24B11_RDL,SD
24b11_g4_female_RESTED_14.csv,10.9377380952381,28,6.65879518072289,37.65,9.65,-4.27894291451521,272,27.05.2024 13:32:12,4.27894291451521,24B11_G4,rested
24B11_g4_female_mating_rested_2.csv,9.51705882352941,36.32,5.73144578313253,23.23,-13.09,-3.78561304039688,288,21.05.2024 13:48:23,3.78561304039688,24B11_G4,rested
24b11_g4_female_RESTED_8.csv,9.36058823529412,53.25,7.98120481927711,22.71,-30.54,-1.37938341601701,243,27.05.2024 13:03:16,1.37938341601701,24B11_G4,rested
24B11_g4_female_mating_rested_4.csv,7.51761904761905,40.67,2.30094117647059,12.87,-27.8,-5.21667787114846,300,21.05.2024 14:00:16,5.21667787114846,24B11_G4,rested
24B11_g4_Female_mating_rested_18.csv,12.1308235294118,41.02,6.67059523809524,36.04,-4.98,-5.46022829131653,513,27.05.2024 17:33:03,5.46022829131653,24B11_G4,rested
24b11_g4_female_RESTED_9.csv,10.9382352941176,53.85,3.6066265060241,17.73,-36.12,-7.33160878809355,250,27.05.2024 13:10:23,7.33160878809355,24B11_G4,rested
24B11_g4_female_mating_rested_3.csv,7.44583333333333,49.04,3.15214285714286,32.77,-16.27,-4.29369047619048,292,21.05.2024 13:52:30,4.29369047619048,24B11_G4,rested
24b11_g4_female_RESTED_13.csv,9.03771084337349,26.68,9.31247058823529,46.67,19.99,0.2747597448618,267,27.05.2024 13:27:44,0.2747597448618,24B11_G4,rested
24B11_g4_female_mating_rested_1.csv,4.72726190476191,22.13,0.671190476190476,17.92,-4.21,-4.05607142857143,283,21.05.2024 13:43:10,4.05607142857143,24B11_G4,rested
24B11_g4_Female_mating_rested_16.csv,12.3953571428571,45.22,11.1827380952381,24.28,-20.94,-1.21261904761905,500,27.05.2024 17:20:25,1.21261904761905,24B11_G4,rested
24b11_g4_female_RESTED_12.csv,9.38511904761905,36.91,3.05511904761905,16.08,-20.83,-6.33,263,27.05.2024 13:23:31,6.33,24B11_G4,rested
24B11_g4_Female_mating_rested_17.csv,17.6655555555556,77.59,5.58202380952381,37.36,-40.23,-12.0835317460317,509,27.05.2024 17:29:37,12.0835317460317,24B11_G4,rested
24b11_g4_female_RESTED_11.csv,3.53258823529412,40.61,0.67702380952381,14.05,-26.56,-2.85556442577031,258,27.05.2024 13:18:21,2.85556442577031,24B11_G4,rested
24B11_g4_Female_mating_rested_19.csv,11.7636904761905,39.42,8.69397590361446,18.35,-21.07,-3.06971457257602,516,27.05.2024 17:36:42,3.06971457257602,24B11_G4,rested
24b11_g4_female_RESTED_10.csv,11.8368235294118,29.65,8.42385542168675,28.24,-1.41,-3.41296810772502,254,27.05.2024 13:14:24,3.41296810772502,24B11_G4,rested
24B11_g4_Female_mating_rested_20.csv,6.57975903614458,33.68,15.7018823529412,47.65,13.97,9.1221233167966,520,27.05.2024 17:40:09,9.1221233167966,24B11_G4,rested
24b11_g4_female_RESTED_15.csv,11.0172619047619,52.82,8.22119047619048,20.13,-32.69,-2.79607142857143,280,27.05.2024 13:40:01,2.79607142857143,24B11_G4,rested
24B11_g4_female_mating_rested_5.csv,12.5991666666667,33.62,5.68882352941176,22.21,-11.41,-6.9103431372549,305,21.05.2024 14:05:39,6.9103431372549,24B11_G4,rested
24B11_g4_female_mating_rested_6.csv,0,0,4.1375,32.31,32.31,4.1375,368,21.05.2024 15:08:32,4.1375,24B11_G4,rested
24b11_g4_female_rested_7.csv,4.73880952380952,22.6,1.42964285714286,20.3,-2.3,-3.30916666666667,460,23.05.2024 16:40:59,3.30916666666667,24B11_G4,rested
24B11_g4_female_mating_SD_11.csv,0,0,0,0,0,0,511,17.05.2024 17:31:17,0,24B11_G4,SD
24B11_g4_female_mating_SD_4.csv,0,0,0,0,0,0,400,16.05.2024 15:40:42,0,24B11_G4,SD
24b11_g4_female_SD_13.csv,0,0,0,0,0,0,223,27.05.2024 12:43:59,0,24B11_G4,SD
24B11_g4_female_mating_SD_3.csv,2.59928571428571,20.67,3.09481927710843,18.73,-1.94,0.49553356282272,389,16.05.2024 15:29:33,0.49553356282272,24B11_G4,SD
24b11_g4_female_SD_14.csv,0,0,0,0,0,0,229,27.05.2024 12:49:31,0,24B11_G4,SD
24b11_g4_female_SD_12.csv,12.5409523809524,34.14,4.51011904761905,14.3,-19.84,-8.03083333333333,219,27.05.2024 12:39:28,8.03083333333333,24B11_G4,SD
SD_24B11_g4_female_mating_1.csv,0,0,0,0,0,0,321,16.05.2024 14:21:17,0,24B11_G4,SD
24B11_g4_female_mating_SD_2.csv,4.27380952380952,9.47,5.02178571428571,11.34,1.87,0.747976190476192,350,16.05.2024 14:50:39,0.747976190476192,24B11_G4,SD
24B11_g4_Female_mating_sd_1.csv,8.38928571428571,19.34,3.17904761904762,31.23,11.89,-5.2102380952381,483,27.05.2024 17:03:09,5.2102380952381,24B11_G4,SD
24B11_g4_Female_mating_sd_17.csv,0.26297619047619,20.86,9.95047619047619,27.58,6.72,9.6875,479,27.05.2024 16:59:14,9.6875,24B11_G4,SD
24B11_g4_Female_SD_mating_2.csv,0,0,0,0,0,0,336,16.05.2024 14:36:46,0,24B11_G4,SD
24B11_g4_female_mating_SD_10.csv,0,0,0.415119047619048,4.24,4.24,0.415119047619048,505,17.05.2024 17:25:23,0.415119047619048,24B11_G4,SD
24B11_g4_female_mating_SD_5.csv,0,0,2.21119047619048,27.59,27.59,2.21119047619048,459,16.05.2024 16:39:20,2.21119047619048,24B11_G4,SD
24B11_g4_female_mating_SD_6.csv,3.62595238095238,11.09,4.57023529411765,12.52,1.43,0.944282913165265,485,17.05.2024 17:05:42,0.944282913165265,24B11_G4,SD
24b11_g4_female_SD_16.csv,2.842,23.77,1.23493975903614,28.2,4.43,-1.60706024096386,237,27.05.2024 12:57:02,1.60706024096386,24B11_G4,SD
24B11_g4_Female_mating_sd_20.csv,4.01559523809524,16.69,1.27626506024096,41.4,24.71,-2.73933017785428,491,27.05.2024 17:11:41,2.73933017785428,24B11_G4,SD
24b11_g4_female_SD_15.csv,0,0,0,0,0,0,233,27.05.2024 12:53:39,0,24B11_G4,SD
24B11_g4_Female_mating_sd_18.csv,13.3092857142857,28.08,5.03855421686747,31.26,3.18,-8.27073149741824,487,27.05.2024 17:07:09,8.27073149741824,24B11_G4,SD
24B11_g4_female_mating_SD_8.csv,1.28821428571429,3.86,1.35666666666667,34.85,30.99,0.0684523809523812,495,17.05.2024 17:15:08,0.0684523809523812,24B11_G4,SD
24B11_g4_female_mating_SD_9.csv,4.19607142857143,17.61,1.62428571428571,11.44,-6.17,-2.57178571428571,499,17.05.2024 17:19:54,2.57178571428571,24B11_G4,SD
RDL_RNAi_Female_mating_RESTED_10.csv,6.19690476190476,26.54,13.3194047619048,36.75,10.21,7.1225,434,27.05.2024 16:14:03,7.1225,RDL_RNAi,rested
RDL_RNAI_female_mating_9.csv,9.98809523809524,32.39,1.77440476190476,13.74,-18.65,-8.21369047619048,457,21.05.2024 16:37:10,8.21369047619048,RDL_RNAi,rested
RDL_RNAi_Female_mating_RESTED_11.csv,8.99917647058824,19.16,11.2090361445783,33.26,14.1,2.20985967399008,437,27.05.2024 16:17:24,2.20985967399008,RDL_RNAi,rested
RDL_RNAI_female_mating_1.csv,9.98702380952381,57.64,9.93494117647059,38.43,-19.21,-0.0520826330532227,372,21.05.2024 15:12:46,0.0520826330532227,RDL_RNAi,rested
RDL_RNAi_Female_mating_RESTED_12.csv,7.71,20.73,6.16493975903614,23.21,2.48,-1.54506024096386,441,27.05.2024 16:21:04,1.54506024096386,RDL_RNAi,rested
RDL_RNAi_Female_mating_RESTED_15.csv,0,0,3.63357142857143,19.73,19.73,3.63357142857143,454,27.05.2024 16:34:12,3.63357142857143,RDL_RNAi,rested
RDL_RNAI_female_mating_4.csv,6.75035714285714,23.85,11.7136144578313,33.9,10.05,4.96325731497418,411,21.05.2024 15:51:29,4.96325731497418,RDL_RNAi,rested
RDL_RNAi_Female_mating_RESTED_20.csv,12.5040963855422,44.92,12.3358823529412,28.94,-15.98,-0.168214032600989,473,27.05.2024 16:53:37,0.168214032600989,RDL_RNAi,rested
RDL_RNAi_Female_mating_RESTED_16.csv,2.28,20.18,9.10428571428572,18.74,-1.44,6.82428571428572,458,27.05.2024 16:38:29,6.82428571428572,RDL_RNAi,rested
RDL_RNAi_Female_mating_RESTED_14.csv,2.07482352941176,25.86,0.0275903614457831,1.51,-24.35,-2.04723316796598,450,27.05.2024 16:30:36,2.04723316796598,RDL_RNAi,rested
RDL_RNAI_female_mating_6.csv,11.2834523809524,45.4,10.3302380952381,26.84,-18.56,-0.953214285714285,425,21.05.2024 16:05:13,0.953214285714285,RDL_RNAi,rested
RDL_RNAi_Female_mating_RESTED_18.csv,3.11698795180723,28.77,8.37517647058823,43.24,14.47,5.258188518781,465,27.05.2024 16:45:03,5.258188518781,RDL_RNAi,rested
RDL_RNAi_Female_mating_RESTED_13.csv,3.50821428571429,12.91,2.99285714285714,10.32,-2.59,-0.515357142857143,447,27.05.2024 16:27:16,0.515357142857143,RDL_RNAi,rested
RDL_RNAI_female_mating_7.csv,10.2128235294118,39.98,1.74457831325301,15.26,-24.72,-8.46824521615875,431,21.05.2024 16:11:14,8.46824521615875,RDL_RNAi,rested
RDL_RNAI_female_mating_8.csv,9.82388235294117,22.26,6.58903614457831,34.58,12.32,-3.23484620836286,446,21.05.2024 16:26:12,3.23484620836286,RDL_RNAi,rested
RDL_RNAi_Female_mating_RESTED_19.csv,8.52493975903614,30.99,6.98564705882353,19.89,-11.1,-1.53929270021261,469,27.05.2024 16:49:19,1.53929270021261,RDL_RNAi,rested
RDL_RNAI_female_mating_3.csv,7.50764705882353,17.04,1.14168674698795,17.75,0.710000000000001,-6.36596031183558,407,21.05.2024 15:47:01,6.36596031183558,RDL_RNAi,rested
RDL_RNAi_Female_mating_RESTED_17.csv,4.79811764705883,24.21,6.60048192771084,50.87,26.66,1.80236428065202,461,27.05.2024 16:41:41,1.80236428065202,RDL_RNAi,rested
RDL_RNAI_female_mating_5.csv,7.01214285714286,36.29,9.76626506024096,35.62,-0.670000000000002,2.75412220309811,420,21.05.2024 16:00:28,2.75412220309811,RDL_RNAi,rested
RDL_RNAI_female_mating_2.csv,13.1339759036145,35.06,9.01623529411765,77.48,42.42,-4.11774060949681,378,21.05.2024 15:18:17,4.11774060949681,RDL_RNAi,rested
RDL_RNAi_final_three_rested_2.csv,4.72506024096386,40.41,1.56870588235294,14.46,-25.95,-3.15635435861091,404,28.05.2024 15:44:35,3.15635435861091,RDL_RNAi,rested
RDL_RNAi_final_three_rested_3.csv,4.60144578313253,20.56,5.92059523809524,34.42,13.86,1.31914945496271,409,28.05.2024 15:49:01,1.31914945496271,RDL_RNAi,rested
RDL_RNAi_final_three_rested_1.csv,0,0,0,0,0,0,393,28.05.2024 15:33:39,0,RDL_RNAi,rested
RDL_RNAi_round2_rested_05.csv,14.5721428571429,25.04,7.9421686746988,91.58,66.54,-6.62997418244406,233,30.05.2024 12:53:01,6.62997418244406,RDL_RNAi,rested
RDL_RNAi_round2_rested_06.csv,0,0,3.03168674698795,28.37,28.37,3.03168674698795,241,30.05.2024 13:01:37,3.03168674698795,RDL_RNAi,rested
RDL_RNAi_round2_rested_08.csv,9.88470588235294,24.84,13.5636144578313,65.65,40.81,3.67890857547839,248,30.05.2024 13:08:37,3.67890857547839,RDL_RNAi,rested
RDL_RNAi_round2_rested_02.csv,10.6084337349398,74.59,14.2596470588235,26.21,-48.38,3.65121332388378,210,30.05.2024 12:30:03,3.65121332388378,RDL_RNAi,rested
RDL_RNAi_round2_rested_01.csv,10.9754117647059,32.96,1.91369047619048,18.37,-14.59,-9.06172128851541,203,30.05.2024 12:23:05,9.06172128851541,RDL_RNAi,rested
RDL_RNAi_round2_rested_04.csv,12.9695238095238,33.99,11.3714117647059,32.96,-1.03,-1.59811204481792,220,30.05.2024 12:40:11,1.59811204481792,RDL_RNAi,rested
RDL_RNAi_round2_rested_07.csv,0,0,0,0,0,0,244,30.05.2024 13:04:37,0,RDL_RNAi,rested
RDL_RNAi_round2_rested_03.csv,8.77726190476191,22.54,10.2908333333333,30.09,7.55,1.51357142857143,215,30.05.2024 12:35:37,1.51357142857143,RDL_RNAi,rested
RDL_RNAi_round2_SD_3.csv,12.1229761904762,21.75,6.27297619047619,20.94,-0.809999999999999,-5.85,161,30.05.2024 11:41:46,5.85,RDL_RNAi,SD
RDL_RNAi_round2_SD_10.csv,10.1480952380952,29,12.7058333333333,38.28,9.28,2.55773809523809,197,30.05.2024 12:17:53,2.55773809523809,RDL_RNAi,SD
RDL_RNAi_round2_SD_6.csv,6.71870588235294,25.53,7.90759036144578,36.57,11.04,1.18888447909284,173,30.05.2024 11:53:49,1.18888447909284,RDL_RNAi,SD
RDL_RNAi_round2_SD_9.csv,4.19357142857143,18.24,4.31835294117647,14.48,-3.76,0.124781512605042,192,30.05.2024 12:12:22,0.124781512605042,RDL_RNAi,SD
RDL_RNAi_round2_SD_4.csv,7.12566265060241,27.12,6.73705882352941,16.67,-10.45,-0.388603827072997,165,30.05.2024 11:45:55,0.388603827072997,RDL_RNAi,SD
RDL_RNAi_round2_SD_2.csv,0,0,0,0,0,0,152,30.05.2024 11:32:23,0,RDL_RNAi,SD
RDL_RNAi_round2_SD_1.csv,0.0681927710843374,3.38,0.389647058823529,1.26,-2.12,0.321454287739192,148,30.05.2024 11:28:13,0.321454287739192,RDL_RNAi,SD
RDL_RNAi_round2_SD_8.csv,4.51285714285714,18.15,2.17273809523809,25.29,7.14,-2.34011904761905,184,30.05.2024 12:04:54,2.34011904761905,RDL_RNAi,SD
RDL_RNAi_round2_SD_7.csv,0,0,0.00488095238095238,0.28,0.28,0.00488095238095238,178,30.05.2024 11:58:46,0.00488095238095238,RDL_RNAi,SD
RDL_RNAi_round2_SD_5.csv,0,0,0,0,0,0,170,30.05.2024 11:50:31,0,RDL_RNAi,SD
24b11_rdl_round2_sd_5.csv,4.71951807228916,26.03,3.28964705882353,29.69,3.66,-1.42987101346563,275,30.05.2024 13:35:24,1.42987101346563,24B11_RDL,SD
24b11_rdl_round2_sd_1.csv,7.02904761904762,90.02,4.51369047619048,24.25,-65.77,-2.51535714285714,257,30.05.2024 13:17:29,2.51535714285714,24B11_RDL,SD
24b11_rdl_round2_sd_2.csv,0.766987951807229,10.25,0,0,-10.25,-0.766987951807229,261,30.05.2024 13:21:19,0.766987951807229,24B11_RDL,SD
24b11_rdl_round2_sd_4.csv,3.72952380952381,15.13,4.57797619047619,42.01,26.88,0.848452380952381,268,30.05.2024 13:28:53,0.848452380952381,24B11_RDL,SD
24b11_rdl_round2_sd_3.csv,0.0460714285714286,1.13,1.07130952380952,31.72,30.59,1.0252380952381,265,30.05.2024 13:25:18,1.0252380952381,24B11_RDL,SD
24b11_rdl_round2_rested_6.csv,5.85630952380952,25.61,9.20741176470588,31.68,6.07,3.35110224089636,308,30.05.2024 14:08:57,3.35110224089636,24B11_RDL,rested
24b11_rdl_round2_rested_10.csv,14.5437647058824,25.47,5.70855421686747,43.35,17.88,-8.83521048901488,326,30.05.2024 14:26:06,8.83521048901488,24B11_RDL,rested
24b11_rdl_round2_rested_4.csv,0,0,0,0,0,0,297,30.05.2024 13:57:21,0,24B11_RDL,rested
24b11_rdl_round2_rested_5.csv,10.5042352941176,41.22,13.1819277108434,30.57,-10.65,2.67769241672572,305,30.05.2024 14:05:20,2.67769241672572,24B11_RDL,rested
24b11_rdl_round2_rested_3.csv,10.6184523809524,31.63,10.7013095238095,25.72,-5.91,0.0828571428571419,293,30.05.2024 13:53:04,0.0828571428571419,24B11_RDL,rested
24b11_rdl_round2_rested_8.csv,14.5159523809524,42.9,3.20164705882353,19.96,-22.94,-11.3143053221289,316,30.05.2024 14:16:02,11.3143053221289,24B11_RDL,rested
24b11_rdl_round2_rested_9.csv,12.4432142857143,27.31,9.49297619047619,61.05,33.74,-2.95023809523809,319,30.05.2024 14:19:42,2.95023809523809,24B11_RDL,rested
24b11_rdl_round2_rested_1.csv,8.63809523809524,20.88,14.4265882352941,43.73,22.85,5.78849299719888,285,30.05.2024 13:45:59,5.78849299719888,24B11_RDL,rested
24b11_rdl_round2_rested_7.csv,9.09647058823529,52.2,14.3842168674699,31.27,-20.93,5.28774627923458,312,30.05.2024 14:12:01,5.28774627923458,24B11_RDL,rested
24b11_rdl_round2_rested_2.csv,10.415421686747,53.32,5.83658823529412,46.93,-6.39,-4.57883345145287,289,30.05.2024 13:49:28,4.57883345145287,24B11_RDL,rested
24b11_g4_round_2_sd_5.csv,0.116666666666667,6.3,0.0647619047619048,3.25,-3.05,-0.0519047619047619,360,30.05.2024 15:00:38,0.0519047619047619,24B11_G4,SD
24b11_g4_round_2_sd_8.csv,0,0,0.833214285714286,17.9,17.9,0.833214285714286,376,30.05.2024 15:16:05,0.833214285714286,24B11_G4,SD
24b11_g4_round_2_sd_4.csv,4.23847058823529,36.91,4.76,15.66,-21.25,0.521529411764707,354,30.05.2024 14:54:40,0.521529411764707,24B11_G4,SD
24b11_g4_round_2_sd_9.csv,5.19964705882353,30.03,0.569761904761905,21.39,-8.64,-4.62988515406162,379,30.05.2024 15:19:12,4.62988515406162,24B11_G4,SD
24b11_g4_round_2_sd_2.csv,3.21333333333333,12.25,7.98404761904762,37.98,25.73,4.77071428571429,346,30.05.2024 14:46:10,4.77071428571429,24B11_G4,SD
24b11_g4_round_2_sd_7.csv,0,0,1.2889156626506,31.34,31.34,1.2889156626506,373,30.05.2024 15:13:09,1.2889156626506,24B11_G4,SD
24b11_g4_round_2_sd_3.csv,0,0,1.33235294117647,6.84,6.84,1.33235294117647,349,30.05.2024 14:49:58,1.33235294117647,24B11_G4,SD
24b11_g4_round_2_sd_1.csv,13.2182352941176,25.79,2.0433734939759,13.31,-12.48,-11.1748618001417,342,30.05.2024 14:42:31,11.1748618001417,24B11_G4,SD
24b11_g4_round_2_sd_6.csv,0,0,0.000470588235294118,0.04,0.04,0.000470588235294118,365,30.05.2024 15:05:17,0.000470588235294118,24B11_G4,SD
24b11_g4_round2_rested2.csv,4.81714285714286,18.23,5.60578313253012,22.72,4.49,0.788640275387262,387,30.05.2024 15:27:43,0.788640275387262,24B11_G4,rested
24b11_g4_round2_rested.csv,4.02476190476191,11.91,4.42678571428572,24.79,12.88,0.40202380952381,383,30.05.2024 15:23:38,0.40202380952381,24B11_G4,rested
24b11_g4_round2_rested3.csv,7.56178571428571,29.69,2.7302380952381,18.35,-11.34,-4.83154761904762,394,30.05.2024 15:34:19,4.83154761904762,24B11_G4,rested
24b11_g4_round2_rested5.csv,17.5474117647059,79.98,9.52132530120482,40.24,-39.74,-8.02608646350106,401,30.05.2024 15:41:45,8.02608646350106,24B11_G4,rested
24b11_g4_round2_rested4.csv,2.27059523809524,28.12,1.24571428571429,33.98,5.86,-1.02488095238095,397,30.05.2024 15:37:42,1.02488095238095,24B11_G4,rested
